	Unnamed: 0	date	handle	text	time_stamp	ms_today	ms_tomorrow	normalized_headline
2	2	2019-09-12	@amazon	@alysfight Thanks for reaching out and sharing! We're always happy to help raise awareness for such a worthy cause! #AmazonGoesGold	1568325082.0	1	0	alysfight thanks for reaching out and sharing we're always happy to help raise awareness for such a worthy cause amazongoesgold
6	6	2019-09-12	@amazon	@YesIHave4Kids That's purrrfect! When your feline isn't snuggled up or hanging out in Amazon boxes, what does this darling kitty like to do?	1568314467.0	1	0	yesihave4kids that's purrrfect when your feline isn't snuggled up or hanging out in amazon boxes, what does this darling kitty like to do?
13	13	2019-09-11	@amazon	RT @JeffBezos: Today, we announced that we added 24 schools in #Nashville to our #AmazonFutureEngineer program. Loved celebrating the great‚Ä¶	1568235573.0	1	1	rt jeffbezos: today, we announced that we added 24 schools in nashville to our amazonfutureengineer program. loved celebrating the great
20	20	2019-09-12	@amazon	@alysfight Thanks for reaching out and sharing! We're always happy to help raise awareness for such a worthy cause! #AmazonGoesGold	1568325082.0	1	0	alysfight thanks for reaching out and sharing we're always happy to help raise awareness for such a worthy cause amazongoesgold
24	24	2019-09-12	@amazon	@YesIHave4Kids That's purrrfect! When your feline isn't snuggled up or hanging out in Amazon boxes, what does this darling kitty like to do?	1568314467.0	1	0	yesihave4kids that's purrrfect when your feline isn't snuggled up or hanging out in amazon boxes, what does this darling kitty like to do?
31	31	2019-09-11	@amazon	RT @JeffBezos: Today, we announced that we added 24 schools in #Nashville to our #AmazonFutureEngineer program. Loved celebrating the great‚Ä¶	1568235573.0	1	1	rt jeffbezos: today, we announced that we added 24 schools in nashville to our amazonfutureengineer program. loved celebrating the great
37	37	2019-09-10	@amazon	RT @seattlechildren: Thanks to @JeffBezos and @amazon for visiting our patients and raising awareness and advocacy for childhood cancer. #A‚Ä¶	1568149654.0	0	1	rt seattlechildren: thanks to jeffbezos and amazon for visiting our patients and raising awareness and advocacy for childhood cancer. a
39	39	2019-09-10	@amazon	We recently lit up The Spheres on our #Seattle campus gold to kick off #AmazonGoesGold, which raises awareness arou‚Ä¶ https://t.co/sl2C8tsoYi	1568138164.0	0	1	we recently lit up the spheres on our seattle campus gold to kick off amazongoesgold, which raises awareness arou https:t.cosl2c8tsoyi
41	41	2019-09-10	@amazon	@JulieEngel10 Thank you so much for your feedback! #AmazonGoesGold	1568084193.0	0	1	julieengel10 thank you so much for your feedback amazongoesgold
44	44	2019-09-09	@amazon	We‚Äôre mobilizing two Amazon Air flights, full of tens of thousands of relief items, to communities in the Bahamas a‚Ä¶ https://t.co/heGJ8yG33H	1568049295.0	0	0	were mobilizing two amazon air flights, full of tens of thousands of relief items, to communities in the bahamas a https:t.cohegj8yg33h
54	54	2019-09-07	@amazon	@MicheleCBspeech Thanks for the shout out, Michele! We're so happy you're enjoying our #AmazonGoesGold packaging!	1567879700.0	0	0	michelecbspeech thanks for the shout out, michele we're so happy you're enjoying our amazongoesgold packaging
95	95	2019-08-27	@amazon	@LouisCostillaJ1 @R_Roddy_Piper @BeckyLynchWWE @OriginalFunko @AmazonHelp Yay! We hope you enjoy! ü§óü§óü§ó	1566946260.0	0	1	louiscostillaj1 rroddypiper beckylynchwwe originalfunko amazonhelp yay we hope you enjoy 
100	100	2019-08-26	@amazon	#FreeYourTV with @amazonfiretv. We traveled around the country to help real families make the switch to streaming.‚Ä¶ https://t.co/2EceUaDxy6	1566862611.0	1	0	freeyourtv with amazonfiretv. we traveled around the country to help real families make the switch to streaming. https:t.co2eceuadxy6
101	101	2019-08-26	@amazon	@LouisCostillaJ1 @AmazonHelp @TMNTMovie Looks like it's time for a Ninja Turtle movie night! Someone grab the nunch‚Ä¶ https://t.co/jyj8hNX576	1566855044.0	1	0	louiscostillaj1 amazonhelp tmntmovie looks like it's time for a ninja turtle movie night someone grab the nunch https:t.cojyj8hnx576
111	111	2019-08-21	@amazon	Refresh your beauty routine with Amazon Live! Watch &amp; shop our limited-time video series showcasing today‚Äôs hottest‚Ä¶ https://t.co/KEA9DV8Zj5	1566412323.0	1	0	refresh your beauty routine with amazon live watch amp; shop our limited-time video series showcasing todays hottest https:t.cokea9dv8zj5
130	130	2019-08-16	@amazon	We‚Äôve opened our fourth Amazon 4-star location, and the first in Seattle! Check out the new store that features pro‚Ä¶ https://t.co/KyHtAWj1w7	1565981196.0	0	0	weve opened our fourth amazon 4-star location, and the first in seattle check out the new store that features pro https:t.cokyhtawj1w7
147	147	2019-08-08	@amazon	"RT @DoraMovie: ‚ÄúAlexa, tell me a Dora story!‚Äù
 
We teamed up with Amazon to make new Dora stories in the StoryTime skill for Alexa. And for‚Ä¶"	1565290341.0	1	0	rt doramovie: alexa, tell me a dora story we teamed up with amazon to make new dora stories in the storytime skill for alexa. and for
160	160	2019-08-06	@amazon	RT @amazonnews: .@GMA has the story of how deserving teachers are getting help with supplies on their Amazon Wish Lists this back-to-school‚Ä¶	1565132513.0	0	1	rt amazonnews: .gma has the story of how deserving teachers are getting help with supplies on their amazon wish lists this back-to-school
163	163	2019-08-02	@amazon	"@LouisCostillaJ1 @AmazonHelp It's a wonder how the packaging held together through the epic battle!

Give us your b‚Ä¶ https://t.co/4yWgyt2gv3"	1564777877.0	0	0	louiscostillaj1 amazonhelp it's a wonder how the packaging held together through the epic battlegive us your b https:t.co4ywgyt2gv3
209	209	2019-07-22	@amazon	@NanjibaM We're happy to hear you had a great experience, Nanjiba! Thanks for being an awesome Amazon customer.	1563823080.0	1	0	nanjibam we're happy to hear you had a great experience, nanjiba thanks for being an awesome amazon customer.
237	237	2019-07-18	@amazon	Did you know you can trade in select Apple, Samsung, and other tablets?  With the Amazon Trade-in program, you can‚Ä¶ https://t.co/12LGDNGFNQ	1563485401.0	0	0	did you know you can trade in select apple, samsung, and other tablets?  with the amazon trade-in program, you can https:t.co12lgdngfnq
281	281	2019-07-16	@amazon	RT @amazonnews: For #PrimeDay, we surprised #AmazonFutureEngineer students at coding camps with school supplies and #STEM games and toys. W‚Ä¶	1563317532.0	0	0	rt amazonnews: for primeday, we surprised amazonfutureengineer students at coding camps with school supplies and stem games and toys. w
285	285	2019-07-16	@amazon	@MikePattinson @AmazonUK @AmazonHelp Looks like Jensen has found the puuurr-fect hiding spot!  üê± Thanks so much for sharing. üêæ	1563311741.0	0	0	mikepattinson amazonuk amazonhelp looks like jensen has found the puuurr-fect hiding spot   thanks so much for sharing. 
303	303	2019-07-16	@amazon	RT @thisbar: TODAY is the day ladies and gents..... #PRIMEDAY!! Get your Monday groove on and head over to @amazon for 20% off your favorit‚Ä¶	1563284700.0	0	0	rt thisbar: today is the day ladies and gents.. primeday get your monday groove on and head over to amazon for 20 off your favorit
305	305	2019-07-16	@amazon	RT @amazonnews: #PrimeDay in the U.S. is in full swing! Prime members worldwide have more than 100,000 Prime Day deals that are now live or‚Ä¶	1563277680.0	0	0	rt amazonnews: primeday in the u.s. is in full swing prime members worldwide have more than 100,000 prime day deals that are now live or
306	306	2019-07-16	@amazon	RT @amazonmusic: For a limited time only, @garthbrooks' Limited Legacy Collection vinyl bundle will be discounted exclusively for Prime Mem‚Ä¶	1563275640.0	0	0	rt amazonmusic: for a limited time only, garthbrooks' limited legacy collection vinyl bundle will be discounted exclusively for prime mem
346	346	2019-07-15	@amazon	"RT @amazonmusic: Walking into Monday like... 

‚Å¶@taylorswift13‚Å© 

Happy #PrimeDay! 
#PrimeDayConcert https://t.co/46CrxJfOcW"	1563206724.0	0	0	rt amazonmusic: walking into monday like taylorswift13 happy primeday primedayconcert https:t.co46crxjfocw
354	354	2019-07-15	@amazon	RT @markwahlberg: Had a great day delivering @PerformInspired products with my new buddy Jesus for @amazon #primeday which starts today! Re‚Ä¶	1563204067.0	0	0	rt markwahlberg: had a great day delivering performinspired products with my new buddy jesus for amazon primeday which starts today re
364	364	2019-07-15	@amazon	Amazon Prime Day is here today and gone tomorrow. Check out these epic deals. July 15th and 16th.‚Ä¶ https://t.co/2aL9SVyaM5	1563174312.0	0	0	amazon prime day is here today and gone tomorrow. check out these epic deals. july 15th and 16th. https:t.co2al9svyam5
366	366	2019-07-15	@amazon	@madintangibles It's the most wonderful time of the year 'cuz Amazon is coming to town! üòçüì¶	1563151920.0	0	0	madintangibles it's the most wonderful time of the year 'cuz amazon is coming to town 
368	368	2019-07-14	@amazon	@ashleyjjennings @amazonprimenow Yay! It's almost here! üòçüòçüòçüòç	1563135597.0	0	0	ashleyjjennings amazonprimenow yay it's almost here 
375	375	2019-07-12	@amazon	Amazon Prime Day starts Monday! Two days of deals bound to make waves. July 15th and 16th. https://t.co/1OMl7PxZPO https://t.co/lD0FHgSiCX	1562958011.0	1	0	amazon prime day starts monday two days of deals bound to make waves. july 15th and 16th. https:t.co1oml7pxzpo https:t.cold0fhgsicx
376	376	2019-07-12	@amazon	.@LadyGaga's new cosmetics line @hauslabs is coming to Amazon! You'll be able to pre-order the products during‚Ä¶ https://t.co/2RtkW4Gh5p	1562949544.0	1	0	.ladygaga's new cosmetics line hauslabs is coming to amazon you'll be able to pre-order the products during https:t.co2rtkw4gh5p
379	379	2019-07-11	@amazon	Missed the @AmazonMusic #PrimeDay concert last night with @taylorswift13, @DUALIPA, @sza &amp; @iambeckyg? We got you!‚Ä¶ https://t.co/JLYIJZ4n6x	1562886994.0	0	1	missed the amazonmusic primeday concert last night with taylorswift13, dualipa, sza amp; iambeckyg? we got you https:t.cojlyijz4n6x
383	383	2019-07-11	@amazon	RT @PrimeVideo: WE'RE LIVE! Catch @TaylorSwift13, @DuaLipa, @Sza and @iamBeckyG at the @AmazonMusic #PrimeDay Concert now, only on Amazon P‚Ä¶	1562808433.0	0	1	rt primevideo: we're live catch taylorswift13, dualipa, sza and iambeckyg at the amazonmusic primeday concert now, only on amazon p
384	384	2019-07-10	@amazon	You can now watch the official @YouTube app on compatible @AmazonFireTV devices! Click here to find out how you can‚Ä¶ https://t.co/Xn9TMYintg	1562795580.0	1	0	you can now watch the official youtube app on compatible amazonfiretv devices click here to find out how you can https:t.coxn9tmyintg
387	387	2019-07-10	@amazon	"RT @taylorswift13: Tune in to @PrimeVideo tonight 9pm ET! @amazonmusic #PrimeDay
https://t.co/Eg8DkJFj6n https://t.co/TcYEk0S10P"	1562779140.0	1	0	rt taylorswift13: tune in to primevideo tonight 9pm et amazonmusic primedayhttps:t.coeg8dkjfj6n https:t.cotcyek0s10p
393	393	2019-07-09	@amazon	RT @JUST: It's not a DANG DAD, it's a HUGE deal on #JUSTWater in anticipation for @Amazon #PrimeDay! We're ramping up to Prime Day by slash‚Ä¶	1562703480.0	1	1	rt just: it's not a dang dad, it's a huge deal on justwater in anticipation for amazon primeday we're ramping up to prime day by slash
395	395	2019-07-09	@amazon	RT @iambeckyg: Just a few more days til the #PrimeDay concert on July 10th, presented by @amazonmusic! Can‚Äôt wait to see you soon NYC!! üíãüñ§@‚Ä¶	1562638920.0	1	1	rt iambeckyg: just a few more days til the primeday concert on july 10th, presented by amazonmusic cant wait to see you soon nyc 
397	397	2019-09-11	@jeffbezos	Today, we announced that we added 24 schools in #Nashville to our #AmazonFutureEngineer program. Loved celebrating‚Ä¶ https://t.co/l4S1iQ2Z46	1568231124.0	1	1	today, we announced that we added 24 schools in nashville to our amazonfutureengineer program. loved celebrating https:t.col4s1iq2z46
398	398	2019-09-09	@jeffbezos	We're sending two Amazon Air planes packed with tens of thousands of Amazon-donated and customer-donated relief ite‚Ä¶ https://t.co/Fd17SxhNzS	1568037658.0	0	0	we're sending two amazon air planes packed with tens of thousands of amazon-donated and customer-donated relief ite https:t.cofd17sxhnzs
410	410	2019-06-06	@jeffbezos	Leo‚Äôs story is amazing and so is his mom. #AmazonFutureEngineer https://t.co/QQPKg3GZ2T	1559795107.0	1	1	leos story is amazing and so is his mom. amazonfutureengineer https:t.coqqpkg3gz2t
411	411	2019-06-06	@jeffbezos	.@AmazonreMARS is all about bringing the best and brightest together, so it‚Äôs fitting that I got to meet Leo ‚Äî one‚Ä¶ https://t.co/JRbs3woMFU	1559791516.0	1	1	.amazonremars is all about bringing the best and brightest together, so its fitting that i got to meet leo  one https:t.cojrbs3womfu
414	414	2019-05-23	@jeffbezos	Great annual shareholder meeting today. #Amazon https://t.co/g9keKvGyq0	1558592733.0	0	0	great annual shareholder meeting today. amazon https:t.cog9kekvgyq0
417	417	2019-09-11	@jeffbezos	Today, we announced that we added 24 schools in #Nashville to our #AmazonFutureEngineer program. Loved celebrating‚Ä¶ https://t.co/l4S1iQ2Z46	1568231124.0	1	1	today, we announced that we added 24 schools in nashville to our amazonfutureengineer program. loved celebrating https:t.col4s1iq2z46
418	418	2019-09-09	@jeffbezos	We're sending two Amazon Air planes packed with tens of thousands of Amazon-donated and customer-donated relief ite‚Ä¶ https://t.co/Fd17SxhNzS	1568037658.0	0	0	we're sending two amazon air planes packed with tens of thousands of amazon-donated and customer-donated relief ite https:t.cofd17sxhnzs
430	430	2019-06-06	@jeffbezos	Leo‚Äôs story is amazing and so is his mom. #AmazonFutureEngineer https://t.co/QQPKg3GZ2T	1559795107.0	1	1	leos story is amazing and so is his mom. amazonfutureengineer https:t.coqqpkg3gz2t
431	431	2019-06-06	@jeffbezos	.@AmazonreMARS is all about bringing the best and brightest together, so it‚Äôs fitting that I got to meet Leo ‚Äî one‚Ä¶ https://t.co/JRbs3woMFU	1559791516.0	1	1	.amazonremars is all about bringing the best and brightest together, so its fitting that i got to meet leo  one https:t.cojrbs3womfu
434	434	2019-05-23	@jeffbezos	Great annual shareholder meeting today. #Amazon https://t.co/g9keKvGyq0	1558592733.0	0	0	great annual shareholder meeting today. amazon https:t.cog9kekvgyq0
442	442	2019-04-11	@jeffbezos	Been an honor &amp; pleasure having Tom Alberg on Amazon‚Äôs Board. Tom joined in 1996 and has been with us ever since -‚Ä¶ https://t.co/QXJ1YF5ORB	1554985835.0	0	0	been an honor amp; pleasure having tom alberg on amazons board. tom joined in 1996 and has been with us ever since - https:t.coqxj1yf5orb
449	449	2019-01-02	@jeffbezos	I have outstanding news to ring in 2019. Former Alexa VP &amp; long-time Amazonian Mike George has agreed to lead the D‚Ä¶ https://t.co/pePgyk8DDM	1546389324.0	1	0	i have outstanding news to ring in 2019. former alexa vp amp; long-time amazonian mike george has agreed to lead the d https:t.copepgyk8ddm
451	451	2018-11-12	@jeffbezos	"Had the privilege today of unveiling our newest Amazon Air 767 - ""Valor"" - named in honor of the thousands of Amazo‚Ä¶ https://t.co/2cBMYGm5Au"	1542064195.0	0	0	had the privilege today of unveiling our newest amazon air 767 - valor - named in honor of the thousands of amazo https:t.co2cbmygm5au
453	453	2018-10-23	@jeffbezos	Amazon just won The American Foundation for the Blind‚Äôs Helen Keller award! Huge kudos to the whole team on working‚Ä¶ https://t.co/yjmiCRuLAM	1540304487.0	1	0	amazon just won the american foundation for the blinds helen keller award huge kudos to the whole team on working https:t.coyjmicrulam
464	464	2018-07-01	@jeffbezos	Wishing @SpecialOlympics tennis competitor (and Amazonian!) Leonard Flowers luck in the @2018USAGames this week! Gr‚Ä¶ https://t.co/NIvKyhkVHy	1530464533.0	0	0	wishing specialolympics tennis competitor and amazonian leonard flowers luck in the 2018usagames this week gr https:t.conivkyhkvhy
488	488	2018-02-21	@jeffbezos	Happy to announce that Amazon Studios is adapting Iain M. Banks‚Äô amazing Culture series ‚Äî a huge personal favorite‚Ä¶ https://t.co/iMESIiiT2O	1519221927.0	0	0	happy to announce that amazon studios is adapting iain m. banks amazing culture series  a huge personal favorite https:t.coimesiiit2o
496	496	2019-09-13	@primevideo	"RT @IndieWire: From Producers of ""Bojack Horseman"" comes an imaginative new animated series. Watch #Undone, only on Amazon @PrimeVideo. htt‚Ä¶"	1568405960.0	0	0	rt indiewire: from producers of bojack horseman comes an imaginative new animated series. watch undone, only on amazon primevideo. htt
504	504	2019-09-12	@primevideo	RT @verge: Amazon Video‚Äôs animated series Undone could be the start of something amazing https://t.co/uLWyZf74Dw https://t.co/EA9kLxiqqE	1568329631.0	1	0	rt verge: amazon videos animated series undone could be the start of something amazing https:t.coulwyzf74dw https:t.coea9klxiqqe
506	506	2019-09-12	@primevideo	RT @IndieWire: Amazon's #Undone is a genre-bending, time-breaking experiment and an artistic feat. @BenTTravers reviews: https://t.co/LiP7X‚Ä¶	1568321825.0	1	0	rt indiewire: amazon's undone is a genre-bending, time-breaking experiment and an artistic feat. benttravers reviews: https:t.colip7x
507	507	2019-09-12	@primevideo	Take an exclusive look inside #TheGoldfinch movie before it hits theaters tomorrow. Watch the film on Amazon Prime‚Ä¶ https://t.co/JZSd3ZEZTi	1568311200.0	1	0	take an exclusive look inside thegoldfinch movie before it hits theaters tomorrow. watch the film on amazon prime https:t.cojzsd3zezti
510	510	2019-09-12	@primevideo	RT @NY_Comic_Con: Amazon @PrimeVideo Takeover Featuring Tom Clancy‚Äôs @JackRyanAmazon and @ExpanseOnPrime. Sat, 10.5 ‚Ä¢ 10:45 AM ‚Ä¢ Main Stage‚Ä¶	1568307584.0	1	0	rt nycomiccon: amazon primevideo takeover featuring tom clancys jackryanamazon and expanseonprime. sat, 10.5  10:45 am  main stage
514	514	2019-09-13	@primevideo	"RT @IndieWire: From Producers of ""Bojack Horseman"" comes an imaginative new animated series. Watch #Undone, only on Amazon @PrimeVideo. htt‚Ä¶"	1568405960.0	0	0	rt indiewire: from producers of bojack horseman comes an imaginative new animated series. watch undone, only on amazon primevideo. htt
522	522	2019-09-12	@primevideo	RT @verge: Amazon Video‚Äôs animated series Undone could be the start of something amazing https://t.co/uLWyZf74Dw https://t.co/EA9kLxiqqE	1568329631.0	1	0	rt verge: amazon videos animated series undone could be the start of something amazing https:t.coulwyzf74dw https:t.coea9klxiqqe
524	524	2019-09-12	@primevideo	RT @IndieWire: Amazon's #Undone is a genre-bending, time-breaking experiment and an artistic feat. @BenTTravers reviews: https://t.co/LiP7X‚Ä¶	1568321825.0	1	0	rt indiewire: amazon's undone is a genre-bending, time-breaking experiment and an artistic feat. benttravers reviews: https:t.colip7x
525	525	2019-09-12	@primevideo	Take an exclusive look inside #TheGoldfinch movie before it hits theaters tomorrow. Watch the film on Amazon Prime‚Ä¶ https://t.co/JZSd3ZEZTi	1568311200.0	1	0	take an exclusive look inside thegoldfinch movie before it hits theaters tomorrow. watch the film on amazon prime https:t.cojzsd3zezti
528	528	2019-09-12	@primevideo	RT @NY_Comic_Con: Amazon @PrimeVideo Takeover Featuring Tom Clancy‚Äôs @JackRyanAmazon and @ExpanseOnPrime. Sat, 10.5 ‚Ä¢ 10:45 AM ‚Ä¢ Main Stage‚Ä¶	1568307584.0	1	0	rt nycomiccon: amazon primevideo takeover featuring tom clancys jackryanamazon and expanseonprime. sat, 10.5  10:45 am  main stage
547	547	2019-09-10	@primevideo	@FENTYCORP @AmazonFashion So much to love about this.	1568137677.0	0	1	fentycorp amazonfashion so much to love about this.
566	566	2019-09-06	@primevideo	Watch Late Night on Amazon Prime Video: https://t.co/wKJ96gNTN2	1567789321.0	0	0	watch late night on amazon prime video: https:t.cowkj96gntn2
567	567	2019-09-06	@primevideo	When we remember that we can watch @LateNightMovie, an Amazon Original Movie, now. #FilmFriday https://t.co/w9eo8RR6DB	1567789201.0	0	0	when we remember that we can watch latenightmovie, an amazon original movie, now. filmfriday https:t.cow9eo8rr6db
574	574	2019-09-04	@primevideo	"RT @CBSThisMorning: THURSDAY: Actor Orlando Bloom joins us live in studio to discuss his new @Amazon @PrimeVideo series #CarnivalRow. 

üì∫ 7‚Ä¶"	1567639856.0	0	1	rt cbsthismorning: thursday: actor orlando bloom joins us live in studio to discuss his new amazon primevideo series carnivalrow.  7
583	583	2019-09-03	@primevideo	RT @DEADLINE: Amazon has announced a series of 10 stand-up specials featuring Australian comedians to premiere exclusively on Prime Video i‚Ä¶	1567546670.0	1	0	rt deadline: amazon has announced a series of 10 stand-up specials featuring australian comedians to premiere exclusively on prime video i
599	599	2019-08-30	@primevideo	RT @vulture: These are the best movies to stream on Amazon Prime https://t.co/IEdo0TE44Z	1567201883.0	0	0	rt vulture: these are the best movies to stream on amazon prime https:t.coiedo0te44z
605	605	2019-08-29	@primevideo	Soar beyond your limits. The Aeronauts, an Amazon Original Movie arrives in theaters Dec. 6 and Prime Video Dec. 20. https://t.co/ZCaCrL8pnS	1567083674.0	1	0	soar beyond your limits. the aeronauts, an amazon original movie arrives in theaters dec. 6 and prime video dec. 20. https:t.cozcacrl8pns
623	623	2019-08-26	@primevideo	@BoschAmazon Bosch's best friend. üê∂	1566844046.0	1	0	boschamazon bosch's best friend. 
636	636	2019-08-23	@primevideo	She's taking it step by step. Brittany Runs A Marathon, an Amazon Original Movie, is now in select theaters.‚Ä¶ https://t.co/VoCQJ4cmSf	1566597600.0	0	0	she's taking it step by step. brittany runs a marathon, an amazon original movie, is now in select theaters. https:t.covocqj4cmsf
651	651	2019-08-22	@primevideo	Truth matters. Introducing The Report, an Amazon Original Movie in theaters Nov. 15 and Prime Video Nov. 29. https://t.co/sad898rVIY	1566478800.0	0	0	truth matters. introducing the report, an amazon original movie in theaters nov. 15 and prime video nov. 29. https:t.cosad898rviy
704	704	2019-08-20	@primevideo	RT @RebelWilson: So excited to announce I‚Äôll be hosting the first Australian Amazon Original Series, LOL: Last One Laughing coming to @Prim‚Ä¶	1566339215.0	0	1	rt rebelwilson: so excited to announce ill be hosting the first australian amazon original series, lol: last one laughing coming to prim
708	708	2019-08-20	@primevideo	RT @TheWrap: Everything New Coming to Amazon Prime Video in September, Including the 'Transparent' Musical Finale https://t.co/5slTl4pyel h‚Ä¶	1566321405.0	0	1	rt thewrap: everything new coming to amazon prime video in september, including the 'transparent' musical finale https:t.co5sltl4pyel h
717	717	2019-08-17	@primevideo	Watch The King of Comedy on Amazon Prime Video: https://t.co/BhnuugKFIe	1566061412.0	0	0	watch the king of comedy on amazon prime video: https:t.cobhnuugkfie
761	761	2019-08-13	@primevideo	For anyone who can‚Äôt wait until Christmas, the PBS miniseries starring Maya Hawke is available on Amazon Prime Vide‚Ä¶ https://t.co/FnhpTQZ097	1565717227.0	1	0	for anyone who cant wait until christmas, the pbs miniseries starring maya hawke is available on amazon prime vide https:t.cofnhptqz097
781	781	2019-08-10	@primevideo	RT @MeekMill: Here‚Äôs the #FreeMeek trailer, out now on @amazon https://t.co/CTNi12HAoy	1565395525.0	0	0	rt meekmill: heres the freemeek trailer, out now on amazon https:t.coctni12haoy
783	783	2019-08-09	@primevideo	RT @IGN: The Boys is one of Amazon‚Äôs most-watched shows after just two weeks. https://t.co/4iWhK32LL9 https://t.co/Tvz7eaIqkI	1565379621.0	0	0	rt ign: the boys is one of amazons most-watched shows after just two weeks. https:t.co4iwhk32ll9 https:t.cotvz7eaiqki
787	787	2019-08-09	@primevideo	RT @djkhaled: Check out #FREEMEEK now on Amazon Prime Video. Keep going @MeekMill! https://t.co/ISaEvss1bP	1565374688.0	0	0	rt djkhaled: check out freemeek now on amazon prime video. keep going meekmill https:t.coisaevss1bp
805	805	2019-08-07	@primevideo	RT @DEADLINE: Amazon Studios Strikes Overall Deal With ‚ÄòThe Witcher‚Äô &amp; ‚ÄòJessica Jones‚Äô Writer Jenny Klein https://t.co/cgAc6TLqfU https://t‚Ä¶	1565219467.0	1	1	rt deadline: amazon studios strikes overall deal with the witcher amp; jessica jones writer jenny klein https:t.cocgac6tlqfu https:t
806	806	2019-08-07	@primevideo	RT @TIME: Here's what's new on Amazon Prime Video in August 2019 https://t.co/ggKvCVS9lw	1565211440.0	1	1	rt time: here's what's new on amazon prime video in august 2019 https:t.coggkvcvs9lw
812	812	2019-08-07	@primevideo	@imdbpro @ErinMoriarty_ @antonystarr @JackQuaid92 @AmazonStudios üëèüëèüëè	1565201474.0	1	1	imdbpro erinmoriarty antonystarr jackquaid92 amazonstudios 
823	823	2019-08-06	@primevideo	RT @eltonofficial: Remembering this little moment @TaronEgerton and I had back on set... @AmazonMusic, I think you loved both of our versio‚Ä¶	1565108173.0	0	1	rt eltonofficial: remembering this little moment taronegerton and i had back on set amazonmusic, i think you loved both of our versio
824	824	2019-08-06	@primevideo	@SparksMom53 @TheBoysTV @GoodOmensPrime @MaiselTV @ExpanseOnPrime @jackryanamazon @BoschAmazon @HannaOnPrime‚Ä¶ https://t.co/KcKT86MOXy	1565052733.0	0	1	sparksmom53 theboystv goodomensprime maiseltv expanseonprime jackryanamazon boschamazon hannaonprime https:t.cokckt86moxy
827	827	2019-08-05	@primevideo	RT @PaulTassi: Amazon‚Äôs ‚ÄòThe Boys‚Äô Is The Best Superhero Show On TV And It Is Not Particularly Close via @forbes https://t.co/Gmj3Pi1FML	1565039708.0	0	0	rt paultassi: amazons the boys is the best superhero show on tv and it is not particularly close via forbes https:t.cogmj3pi1fml
829	829	2019-08-05	@primevideo	RT @Variety: Amazon Boards Simon Pegg, Nick Frost Series ‚ÄòTruth Seekers‚Äô (EXCLUSIVE) https://t.co/OBFyhonNvH	1565022991.0	0	0	rt variety: amazon boards simon pegg, nick frost series truth seekers exclusive https:t.coobfyhonnvh
839	839	2019-08-03	@primevideo	RT @BlueCollardNerd: Amazon's #TheBoysTV is Game of Thrones of the modern superhero genre	1564797437.0	0	0	rt bluecollardnerd: amazon's theboystv is game of thrones of the modern superhero genre
840	840	2019-08-03	@primevideo	Alright Amazon Originals fans, where are you sitting? https://t.co/cNA3ASfuov	1564794216.0	0	0	alright amazon originals fans, where are you sitting? https:t.cocna3asfuov
886	886	2019-07-27	@primevideo	"RT @TheWrap: 'Modern Love' Teaser: Anne Hathaway, Tina Fey and John Slattery Find Romance in Amazon Rom-Com Anthology (Video)

#TCA2019 @Pr‚Ä¶"	1564256540.0	0	0	rt thewrap: 'modern love' teaser: anne hathaway, tina fey and john slattery find romance in amazon rom-com anthology videotca2019 pr
890	0	2019-09-13	@TechCrunch	Amazon tests a one-tap review system for product feedback https://t.co/w3MZAC6RvS by @sarahintampa https://t.co/Q9d5qrHIZ0	1568400271.0	0	0	amazon tests a one-tap review system for product feedback https:t.cow3mzac6rvs by sarahintampa https:t.coq9d5qrhiz0
891	1	2019-09-13	@TechCrunch	Amazon tests a one-tap review system for product feedback https://t.co/w3MZAC6RvS by @sarahintampa https://t.co/Q9d5qrHIZ0	1568400271.0	0	0	amazon tests a one-tap review system for product feedback https:t.cow3mzac6rvs by sarahintampa https:t.coq9d5qrhiz0
892	2	2019-09-12	@TechCrunch	Amazon‚Äôs crowdsourced Q&amp;A community Alexa Answers goes live for all https://t.co/j35bQbNOUG by @sarahintampa https://t.co/3L6Q8drtpe	1568300983.0	1	0	amazons crowdsourced qamp;a community alexa answers goes live for all https:t.coj35bqbnoug by sarahintampa https:t.co3l6q8drtpe
893	3	2019-09-11	@TechCrunch	ScyllaDB takes on Amazon with new DynamoDB migration tool https://t.co/3t1DLszj9G by @ron_miller https://t.co/zVAp8R44ap	1568204791.0	1	1	scylladb takes on amazon with new dynamodb migration tool https:t.co3t1dlszj9g by ronmiller https:t.cozvap8r44ap
894	4	2019-09-09	@TechCrunch	Drivetime nabs $11M from Makers Fund, Amazon and Google to build voice-based games for drivers‚Ä¶ https://t.co/fPnKQW5cZm	1568033666.0	0	0	drivetime nabs 11m from makers fund, amazon and google to build voice-based games for drivers https:t.cofpnkqw5czm
895	5	2019-09-09	@TechCrunch	American tariffs are having a bigger impact on U.S.-based Amazon vendors than their competitors in China, according‚Ä¶ https://t.co/6AAzmoarjd	1568012163.0	0	0	american tariffs are having a bigger impact on u.s.-based amazon vendors than their competitors in china, according https:t.co6aazmoarjd
896	6	2019-09-07	@TechCrunch	Original Content podcast: Amazon‚Äôs ‚ÄòCarnival Row‚Äô mixes fairies, politics and murder https://t.co/gV8s8kPXKm by‚Ä¶ https://t.co/QTcfudobw9	1567879214.0	0	0	original content podcast: amazons carnival row mixes fairies, politics and murder https:t.cogv8s8kpxkm by https:t.coqtcfudobw9
897	7	2019-09-06	@TechCrunch	U.S. Senator demands answers from Amazon Ring over its police partnerships https://t.co/3Za64Op6E9 by @sarahintampa https://t.co/zFxiMsvKQo	1567785890.0	0	0	u.s. senator demands answers from amazon ring over its police partnerships https:t.co3za64op6e9 by sarahintampa https:t.cozfximsvkqo
898	8	2019-09-12	@CNET	Amazon, Facebook, Apple, Google, and Microsoft skip out on a letter asking the Senate to enact stronger gun laws https://t.co/q1CsgcqCo9	1568322907.0	1	0	amazon, facebook, apple, google, and microsoft skip out on a letter asking the senate to enact stronger gun laws https:t.coq1csgcqco9
899	9	2019-09-12	@CNET	RT @benfoxrubin: Amazon just sent out invites for a devices and services event for Wednesday, Sept. 25.	1568301943.0	1	0	rt benfoxrubin: amazon just sent out invites for a devices and services event for wednesday, sept. 25.
900	10	2019-07-12	@Bloomberg	"""Alexa, tell me something I don't know about Bloomberg."" Open Bloomberg on your Amazon Echo to hear directly from o‚Ä¶ https://t.co/sceVx4EIvI"	1562940006.0	1	0	alexa, tell me something i don't know about bloomberg. open bloomberg on your amazon echo to hear directly from o https:t.coscevx4eivi
901	11	2019-03-19	@Bloomberg	"""Alexa, tell me something I don't know about Bloomberg."" Open Bloomberg on your Amazon Echo to hear directly from o‚Ä¶ https://t.co/d3Ysr5EsWH"	1553004005.0	1	1	alexa, tell me something i don't know about bloomberg. open bloomberg on your amazon echo to hear directly from o https:t.cod3ysr5eswh
902	12	2018-12-13	@Bloomberg	"""Alexa, tell me something I don't know about Bloomberg."" Open Bloomberg on your Amazon Echo to hear directly from o‚Ä¶ https://t.co/s1VcjHqsa1"	1544704206.0	0	0	alexa, tell me something i don't know about bloomberg. open bloomberg on your amazon echo to hear directly from o https:t.cos1vcjhqsa1
903	13	2018-11-07	@Bloomberg	"""Alexa, tell me something I don't know about Bloomberg."" Open Bloomberg on your Amazon Echo to hear directly from o‚Ä¶ https://t.co/cFWn9pCwiM"	1541615408.0	1	0	alexa, tell me something i don't know about bloomberg. open bloomberg on your amazon echo to hear directly from o https:t.cocfwn9pcwim
904	14	2018-10-05	@Bloomberg	"""Alexa, tell me something I don't know about Bloomberg."" Open Bloomberg on your Amazon Echo to hear directly from o‚Ä¶ https://t.co/bQe295UkxA"	1538748014.0	0	0	alexa, tell me something i don't know about bloomberg. open bloomberg on your amazon echo to hear directly from o https:t.cobqe295ukxa
905	15	2018-08-06	@Bloomberg	"""Alexa, tell me something I don't know about Bloomberg."" Open Bloomberg on your Amazon Echo to hear directly from o‚Ä¶ https://t.co/lqSTjXxWK6"	1533560416.0	0	0	alexa, tell me something i don't know about bloomberg. open bloomberg on your amazon echo to hear directly from o https:t.colqstjxxwk6
906	16	2019-09-12	@observer	Shopify Overtakes eBay as Second Biggest Shopping Site After Amazon https://t.co/mhBjQNev4X https://t.co/s0omZtSE20	1568331782.0	1	0	shopify overtakes ebay as second biggest shopping site after amazon https:t.comhbjqnev4x https:t.cos0omztse20
907	17	2019-09-03	@observer	Jeff Bezos Receives Senate Letter Asking Amazon to Crack Down on Product Safety https://t.co/Y4bEKWNAJy https://t.co/13ofankO5T	1567552441.0	1	0	jeff bezos receives senate letter asking amazon to crack down on product safety https:t.coy4bekwnajy https:t.co13ofanko5t
908	18	2019-09-03	@observer	Amazon, Seed Scams &amp; You: The Online Gardening Community Gets Served Penis Peppers https://t.co/RTp8M9jPew https://t.co/sz9Dkz7IdM	1567524661.0	1	0	amazon, seed scams amp; you: the online gardening community gets served penis peppers https:t.cortp8m9jpew https:t.cosz9dkz7idm
909	19	2019-08-27	@observer	RT @sissicao: LVMH Owner Donates to Amazon Wildfire‚ÄîBut His Notre Dame Check Has Yet to Clear https://t.co/aCjHWxSopJ	1566928635.0	0	1	rt sissicao: lvmh owner donates to amazon wildfirebut his notre dame check has yet to clear https:t.coacjhwxsopj
910	20	2019-08-27	@observer	LVMH Owner Donates to Amazon Wildfire‚ÄîBut His Notre Dame Check Has Yet to Clear https://t.co/5UHqIjfgy4 https://t.co/kSU4hWrxtI	1566926521.0	0	1	lvmh owner donates to amazon wildfirebut his notre dame check has yet to clear https:t.co5uhqijfgy4 https:t.coksu4hwrxti
911	21	2019-08-26	@observer	A SpaceX and Amazon Rival Is Quietly Winning the Musk-Bezos Space Race https://t.co/FPfBeMIkRw https://t.co/bQImXMGqi8	1566824581.0	1	0	a spacex and amazon rival is quietly winning the musk-bezos space race https:t.cofpfbemikrw https:t.cobqimxmgqi8
912	22	2019-08-22	@observer	A SpaceX and Amazon Rival Is Quietly Winning the Musk-Bezos Space Race https://t.co/FPfBeMIkRw https://t.co/aDeeoy029X	1566514861.0	0	0	a spacex and amazon rival is quietly winning the musk-bezos space race https:t.cofpfbemikrw https:t.coadeeoy029x
913	23	2019-08-21	@observer	A SpaceX and Amazon Rival Is Quietly Winning the Musk-Bezos Space Race https://t.co/FPfBeMIkRw https://t.co/A6y49DJNZI	1566395281.0	1	0	a spacex and amazon rival is quietly winning the musk-bezos space race https:t.cofpfbemikrw https:t.coa6y49djnzi
914	24	2019-09-13	@TheNextWeb	Amazon will launch new Alexa hardware on September 25 https://t.co/lrU9rbX9lK	1568372495.0	0	0	amazon will launch new alexa hardware on september 25 https:t.colru9rbx9lk
915	25	2019-09-13	@TheNextWeb	Amazon will launch new Alexa hardware on September 25 https://t.co/TfHofM4cfQ	1568350242.0	0	0	amazon will launch new alexa hardware on september 25 https:t.cotfhofm4cfq
916	26	2019-09-12	@TheNextWeb	Amazon will launch new Alexa hardware on September 25 https://t.co/e1zBOUAlTV	1568309029.0	1	0	amazon will launch new alexa hardware on september 25 https:t.coe1zboualtv
917	27	2019-09-07	@TheNextWeb	Amazon is reportedly launching a food delivery service in India to rival Zomato and Swiggy https://t.co/oadGmDTCa7	1567851544.0	0	0	amazon is reportedly launching a food delivery service in india to rival zomato and swiggy https:t.cooadgmdtca7
918	28	2019-09-06	@TheNextWeb	Amazon is reportedly launching a food delivery service in India to rival Zomato and Swiggy https://t.co/DcbmYf83wn	1567770082.0	0	0	amazon is reportedly launching a food delivery service in india to rival zomato and swiggy https:t.codcbmyf83wn
919	29	2019-09-06	@TheNextWeb	Amazon is reportedly launching a food delivery service in India to rival Zomato and Swiggy https://t.co/A6vfEnXcim	1567765629.0	0	0	amazon is reportedly launching a food delivery service in india to rival zomato and swiggy https:t.coa6vfenxcim
920	30	2019-09-09	@wired	Your healthy friends are wrong about processed foods, Amazon employees are walking off the job, and millions of pho‚Ä¶ https://t.co/3HyiId1ccl	1568067145.0	0	0	your healthy friends are wrong about processed foods, amazon employees are walking off the job, and millions of pho https:t.co3hyiid1ccl
921	31	2019-09-09	@wired	Over 900 Amazon employees have signed a petition pledging to walk out over their employer‚Äôs inaction on climate cha‚Ä¶ https://t.co/s2ml6mV8qq	1568035850.0	0	0	over 900 amazon employees have signed a petition pledging to walk out over their employers inaction on climate cha https:t.cos2ml6mv8qq
922	32	2019-09-09	@wired	RT @lmatsakis: I spoke with three Amazon employees, including a principal UX designer who has worked at the company for 15 years. I was ins‚Ä¶	1568035691.0	0	0	rt lmatsakis: i spoke with three amazon employees, including a principal ux designer who has worked at the company for 15 years. i was ins
923	33	2019-09-09	@wired	RT @lmatsakis: NEW: over 900 Amazon employees have signed an internal petition promising to walk out on September 20th to protest the compa‚Ä¶	1568035430.0	0	0	rt lmatsakis: new: over 900 amazon employees have signed an internal petition promising to walk out on september 20th to protest the compa
924	34	2019-09-05	@wired	The trailer for Season 2 of @amazon's #JackRyan is here. Will you watch the show? üëÄüëÄ https://t.co/xGzuZjSGxY	1567702001.0	1	0	the trailer for season 2 of amazon's jackryan is here. will you watch the show?  https:t.coxgzuzjsgxy
925	35	2019-09-05	@wired	"Despite multiple warnings, illegal, non-FCC-compliant cell phone signal boosters continue to be sold on Amazon. 

H‚Ä¶ https://t.co/fb0qtH3oXc"	1567655178.0	1	0	despite multiple warnings, illegal, non-fcc-compliant cell phone signal boosters continue to be sold on amazon. h https:t.cofb0qth3oxc
926	36	2019-09-11	@tech2eets	The Amazon river basins are home to two new species of eels and researchers believe that there are more species sti‚Ä¶ https://t.co/AQ0va0HpEZ	1568208259.0	1	1	the amazon river basins are home to two new species of eels and researchers believe that there are more species sti https:t.coaq0va0hpez
927	37	2019-09-11	@tech2eets	The @amazonIN Great Indian Festival 2019 will offer discounted prices on smartphones, home and kitchen appliances,‚Ä¶ https://t.co/ZSmpsfWHk3	1568202320.0	1	1	the amazonin great indian festival 2019 will offer discounted prices on smartphones, home and kitchen appliances, https:t.cozsmpsfwhk3
928	38	2019-09-06	@tech2eets	#OPPOReno2Z is now available for purchase on Filpkart and Amazon at Rs 29,990. Here are the specs and sale offers.‚Ä¶ https://t.co/4IWPfZyTDf	1567750082.0	0	0	opporeno2z is now available for purchase on filpkart and amazon at rs 29,990. here are the specs and sale offers. https:t.co4iwpfzytdf
929	39	2019-09-04	@tech2eets	The Amazon wildfires have been raging on since May in Bolivia and they have now destroyed rare rock art in the town‚Ä¶ https://t.co/4RuGvh3CPj	1567597820.0	0	1	the amazon wildfires have been raging on since may in bolivia and they have now destroyed rare rock art in the town https:t.co4rugvh3cpj
930	40	2019-09-04	@tech2eets	. @amazonIN India will roll out paper packing material across the country by the end of 2019. https://t.co/HNWnd2ogZX	1567597413.0	0	1	. amazonin india will roll out paper packing material across the country by the end of 2019. https:t.cohnwnd2ogzx
931	41	2019-09-13	@verge	Amazon-owned Whole Foods is cutting medical benefits for part-time workers https://t.co/aEI7mnKKfm https://t.co/FVjRrwb2cd	1568398407.0	0	0	amazon-owned whole foods is cutting medical benefits for part-time workers https:t.coaei7mnkkfm https:t.cofvjrrwb2cd
932	42	2019-09-13	@verge	Amazon‚Äôs Undone makes a terrific double feature with Waking Life https://t.co/Oh80HdltI7 https://t.co/2T3nafJF8L	1568387395.0	0	0	amazons undone makes a terrific double feature with waking life https:t.cooh80hdlti7 https:t.co2t3nafjf8l
933	43	2019-09-13	@verge	Amazon Video‚Äôs animated series Undone could be the start of something amazing https://t.co/uLWyZfoFv4 https://t.co/bpbC2Q9Vex	1568357701.0	0	0	amazon videos animated series undone could be the start of something amazing https:t.coulwyzfofv4 https:t.cobpbc2q9vex
934	44	2019-09-13	@verge	Amazon announces hardware event on September 25th https://t.co/5ee7EeVB24 https://t.co/cOwaF5x3Fh	1568349062.0	0	0	amazon announces hardware event on september 25th https:t.co5ee7eevb24 https:t.cocowaf5x3fh
935	45	2019-09-13	@verge	Amazon opens up its crowdsourced Alexa Answers program to anyone https://t.co/ljeIdNWWQG https://t.co/BvDkBzMrma	1568342641.0	0	0	amazon opens up its crowdsourced alexa answers program to anyone https:t.coljeidnwwqg https:t.cobvdkbzmrma
936	46	2019-09-12	@verge	Amazon Video‚Äôs animated series Undone could be the start of something amazing https://t.co/uLWyZf74Dw https://t.co/EA9kLxiqqE	1568314653.0	1	0	amazon videos animated series undone could be the start of something amazing https:t.coulwyzf74dw https:t.coea9klxiqqe
937	47	2019-09-12	@verge	Amazon announces hardware event on September 25th https://t.co/5ee7EeVB24 https://t.co/KEzGL9LgRU	1568305900.0	1	0	amazon announces hardware event on september 25th https:t.co5ee7eevb24 https:t.cokezgl9lgru
938	48	2019-09-12	@verge	Amazon opens up its crowdsourced Alexa Answers program to anyone https://t.co/ljeIdNFlZ8 https://t.co/FV9p6f2gvH	1568299470.0	1	0	amazon opens up its crowdsourced alexa answers program to anyone https:t.coljeidnflz8 https:t.cofv9p6f2gvh
939	49	2019-09-11	@verge	RT @VergeDeals: Ring's Video Doorbell Pro is $179 at B&amp;H Photo, which is $70 cheaper than Amazon's current price. This device requires door‚Ä¶	1568232923.0	1	1	rt vergedeals: ring's video doorbell pro is 179 at bamp;h photo, which is 70 cheaper than amazon's current price. this device requires door
940	50	2019-09-11	@verge	Carnival Row‚Äôs creators tease more politics and fae creatures ‚Äî including elves and goblins ‚Äî in season 2 of Amazon‚Ä¶ https://t.co/qmnoSAGbnZ	1568171701.0	1	1	carnival rows creators tease more politics and fae creatures  including elves and goblins  in season 2 of amazon https:t.coqmnosagbnz
941	51	2019-09-11	@verge	Burned areas of the Amazon could take centuries to fully recover https://t.co/KXYvItrDWq https://t.co/77Ywl8kK50	1568170501.0	1	1	burned areas of the amazon could take centuries to fully recover https:t.cokxyvitrdwq https:t.co77ywl8kk50
942	52	2019-09-10	@verge	Carnival Row‚Äôs creators tease more politics and fae creatures ‚Äî including elves and goblins ‚Äî in season 2 of Amazon‚Ä¶ https://t.co/txWFtnsGfF	1568128369.0	0	1	carnival rows creators tease more politics and fae creatures  including elves and goblins  in season 2 of amazon https:t.cotxwftnsgff
943	53	2019-09-10	@verge	Burned areas of the Amazon could take centuries to fully recover https://t.co/KXYvIta2xQ https://t.co/IHQew5JgFd	1568127315.0	0	1	burned areas of the amazon could take centuries to fully recover https:t.cokxyvita2xq https:t.coihqew5jgfd
944	54	2019-09-10	@verge	RT @VergeDeals: The 8-piece Ring Alarm security kit is far cheaper on Amazon today. Usually $239, it's $169 today, and it includes a third-‚Ä¶	1568125190.0	0	1	rt vergedeals: the 8-piece ring alarm security kit is far cheaper on amazon today. usually 239, it's 169 today, and it includes a third-
945	55	2019-09-10	@verge	Docs show Amazon planned to open dozens of cashierless Go stores this year ‚Äî what‚Äôs the holdup?‚Ä¶ https://t.co/Ax8rg4nA7b	1568088516.0	0	1	docs show amazon planned to open dozens of cashierless go stores this year  whats the holdup? https:t.coax8rg4na7b
946	56	2019-09-13	@DigitalTrends	Clean pet hair fast with this Bissell Powerglide vacuum, now 17% off on @amazon https://t.co/nI0am4gbB3	1568412123.0	0	0	clean pet hair fast with this bissell powerglide vacuum, now 17 off on amazon https:t.coni0am4gbb3
947	57	2019-09-13	@DigitalTrends	The newest #iPad goes on sale for just $33 a month at Apple, Walmart, and @amazon https://t.co/cJcPubKsHp	1568403273.0	0	0	the newest ipad goes on sale for just 33 a month at apple, walmart, and amazon https:t.cocjcpubkshp
948	58	2019-09-13	@DigitalTrends	Digital Trends Live - 9.13.19 - Can California &amp; @Uber Make Nice? + Preview Of @Amazon's Hardware Event #DTLive https://t.co/282PNCdrgw	1568390366.0	0	0	digital trends live - 9.13.19 - can california amp; uber make nice?  preview of amazon's hardware event dtlive https:t.co282pncdrgw
949	59	2019-09-13	@DigitalTrends	This @Lenovo Yoga 730 2-in-1 laptop is practically a steal at 55% off on @amazon https://t.co/xV0WchKUL9	1568387646.0	0	0	this lenovo yoga 730 2-in-1 laptop is practically a steal at 55 off on amazon https:t.coxv0wchkul9
950	60	2019-09-13	@DigitalTrends	.@Amazon to test hand recognition at Whole Foods. https://t.co/DRl0bmhJPh	1568384880.0	0	0	.amazon to test hand recognition at whole foods. https:t.codrl0bmhjph
951	61	2019-09-13	@DigitalTrends	With @amazon in its sights, Walmart expands its Delivery Unlimited service https://t.co/4MVy0B43Kz	1568358423.0	0	0	with amazon in its sights, walmart expands its delivery unlimited service https:t.co4mvy0b43kz
952	62	2019-09-13	@DigitalTrends	There may be a new Echo and other @amazon devices announced later this month https://t.co/UH1SoQ94Qo	1568333313.0	0	0	there may be a new echo and other amazon devices announced later this month https:t.couh1soq94qo
953	63	2019-09-12	@DigitalTrends	Need a laptop for school? This @Acer Aspire E 15 is discounted by $70 on @amazon https://t.co/EFT57iU5tN	1568317713.0	1	0	need a laptop for school? this acer aspire e 15 is discounted by 70 on amazon https:t.coeft57iu5tn
954	64	2019-09-12	@DigitalTrends	Score the new @Microsoft Surface Go tablet PC for $499 on @amazon https://t.co/ht8wdZEPwm	1568314833.0	1	0	score the new microsoft surface go tablet pc for 499 on amazon https:t.coht8wdzepwm
955	65	2019-09-13	@arstechnica	Congress wants Facebook, Google, Apple, and Amazon emails as probe heats up https://t.co/NDPhgyavys	1568400061.0	0	0	congress wants facebook, google, apple, and amazon emails as probe heats up https:t.condphgyavys
956	66	2019-09-13	@arstechnica	Amazon will announce new hardware on September 25 https://t.co/7mBnaTnhgQ by @SamuelAxon	1568399821.0	0	0	amazon will announce new hardware on september 25 https:t.co7mbnatnhgq by samuelaxon
957	67	2019-09-07	@arstechnica	Good news for our fellow Orlando Bloom stans out there‚ÄîAmazon has already renewed #CarnivalRow for a S2. (That's be‚Ä¶ https://t.co/tk4b16mHzu	1567838325.0	0	0	good news for our fellow orlando bloom stans out thereamazon has already renewed carnivalrow for a s2. that's be https:t.cotk4b16mhzu
958	68	2019-09-05	@arstechnica	Senator pushes Amazon for details about Ring ‚Äúpartnerships‚Äù with police https://t.co/glMOXjvpJH	1567717442.0	1	0	senator pushes amazon for details about ring partnerships with police https:t.coglmoxjvpjh
959	69	2019-09-05	@arstechnica	Looks as if Amazon's (lack of) oversight extends beyond what's offered in its webstore, too	1567645684.0	1	0	looks as if amazon's lack of oversight extends beyond what's offered in its webstore, too
960	70	2019-09-03	@arstechnica	Contractors bear the packages, and the blame, with Amazon delivery https://t.co/Li2wpejY9s	1567543262.0	1	0	contractors bear the packages, and the blame, with amazon delivery https:t.coli2wpejy9s
962	72	2019-09-02	@arstechnica	#TheTick: The Animated Series turns 25 this fall; thankfully the latest Amazon adaptation does that beloved series‚Ä¶ https://t.co/F3hpc2Mpvg	1567438374.0	0	1	thetick: the animated series turns 25 this fall; thankfully the latest amazon adaptation does that beloved series https:t.cof3hpc2mpvg
